{"cameraMode":{"drawMode":0,"name":"Shaded","section":"Shading Mode"},"sceneLighting":false,"audioPlay":false,"sceneViewState":{"showFog":true,"showMaterialUpdate":false,"showSkybox":false,"showFlares":true,"showImageEffects":true,"showParticleSystems":true,"showVisualEffectGraphs":true,"m_FxEnabled":true},"in2DMode":false,"pivot":{"x":-0.19602125883102418,"y":0.3564493656158447,"z":0.01235663890838623},"rotation":{"x":0.16936039924621583,"y":-0.0959266796708107,"z":0.016565492376685144,"w":0.9807410836219788},"size":0.3538714349269867,"orthographic":false}