{"cameraMode":{"drawMode":0,"name":"Shaded","section":"Shading Mode"},"sceneLighting":false,"audioPlay":false,"sceneViewState":{"showFog":true,"showMaterialUpdate":false,"showSkybox":false,"showFlares":true,"showImageEffects":true,"showParticleSystems":true,"showVisualEffectGraphs":true,"m_FxEnabled":true},"in2DMode":false,"pivot":{"x":-0.4407162666320801,"y":0.6352017521858215,"z":1.1708818674087525},"rotation":{"x":0.006911444943398237,"y":-0.3884873390197754,"z":0.0029128461610525848,"w":0.9214234948158264},"size":1.6171376705169678,"orthographic":false}